Type,Symbol
Nifty 500,NEULANDLAB
Nifty 500,OLAELEC
Nifty 500,JPPOWER
Nifty 500,ANANDRATHI
Nifty 500,GODFRYPHLP
Nifty 500,IDEA
Nifty 500,PEL
Nifty 500,ALIVUS
Nifty 500,APLLTD
Nifty 500,INDIAMART
Nifty 500,SAILIFE
Nifty 500,USHAMART
Nifty 500,HEG
Nifty 500,CEATLTD
Nifty 500,MANKIND
Nifty 500,EMCURE
Nifty 500,LAURUSLABS
Nifty 500,ZEEL
Nifty 500,GRAPHITE
Nifty 500,BSE
Nifty 500,BEML
Nifty 500,BOSCHLTD
Nifty 500,IFCI
Nifty 500,GRANULES
Nifty 500,HSCL
Nifty 500,PPLPHARMA
Nifty 500,WOCKPHARMA
Nifty 500,KEI
Nifty 500,ECLERX
Nifty 500,OIL
Nifty 500,ADANIGREEN
Nifty 500,CESC
Nifty 500,SOBHA
Nifty 500,GODIGIT
Nifty 500,DBREALTY
Nifty 500,BAJAJHLDNG
Nifty 500,JMFINANCIL
Nifty 500,J&KBANK
Nifty 500,RRKABEL
Nifty 500,ETERNAL
Nifty 500,TORNTPHARM
Nifty 500,WAAREEENER
Nifty 500,BLUEDART
Nifty 500,REDINGTON
Nifty 500,ASHOKLEY
Nifty 500,HINDZINC
Nifty 500,ENDURANCE
Nifty 500,COROMANDEL
Nifty 500,VMM
Nifty 500,NIVABUPA
Nifty 500,MINDACORP
Nifty 500,MAXHEALTH
Nifty 500,PAYTM
Nifty 500,JUBLPHARMA
Nifty 500,NAVA
Nifty 500,NETWORK18
Nifty 500,FORTIS
Nifty 500,ATUL
Nifty 500,GODREJPROP
Nifty 500,UNIONBANK
Nifty 500,HYUNDAI
Nifty 500,ERIS
Nifty 500,CARBORUNIV
Nifty 500,AMBER
Nifty 500,POLICYBZR
Nifty 500,PGEL
Nifty 500,BRIGADE
Nifty 500,SWIGGY
Nifty 500,CLEAN
Nifty 500,GICRE
Nifty 500,MCX
Nifty 500,WESTLIFE
Nifty 500,VBL
Nifty 500,TATACHEM
Nifty 500,CAMPUS
Nifty 500,TATAELXSI
Nifty 500,CONCORDBIO
Nifty 500,PRESTIGE
Nifty 500,MEDANTA
Nifty 500,AADHARHFC
Nifty 500,JBCHEPHARM
Nifty 500,ANANTRAJ
Nifty 500,ICICIPRULI
Nifty 500,CHAMBLFERT
Nifty 500,CUB
Nifty 500,CYIENT
Nifty 500,GLENMARK
Nifty 500,INTELLECT
Nifty 500,PAGEIND
Nifty 500,TVSMOTOR
Nifty 500,NETWEB
Nifty 500,NAUKRI
Nifty 500,YESBANK
Nifty 500,SCHAEFFLER
Nifty 500,TBOTEK
Nifty 500,LUPIN
Nifty 500,KNRCON
Nifty 500,GLAND
Nifty 500,SYNGENE
Nifty 500,BLUESTARCO
Nifty 500,NATCOPHARM
Nifty 500,NCC
Nifty 500,CANBK
Nifty 500,FEDERALBNK
Nifty 500,SWSOLAR
Nifty 500,PHOENIXLTD
Nifty 500,BANKBARODA
Nifty 500,TARIL
Nifty 500,FIRSTCRY
Nifty 500,DLF
Nifty 500,TATAPOWER
Nifty 500,CAMS
Nifty 500,LODHA
Nifty 500,ABREL
Nifty 500,IGIL
Nifty 500,NUVAMA
Nifty 500,POLYCAB
Nifty 500,ASTRAL
Nifty 500,CREDITACC
Nifty 500,PETRONET
Nifty 500,CASTROLIND
Nifty 500,COHANCE
Nifty 500,BIOCON
Nifty 500,FIVESTAR
Nifty 500,ELECON
Nifty 500,JSWENERGY
Nifty 500,NYKAA
Nifty 500,TITAN
Nifty 500,IDBI
Nifty 500,HFCL
Nifty 500,AUROPHARMA
Nifty 500,MAHSEAMLES
Nifty 500,VEDL
Nifty 500,JYOTICNC
Nifty 500,ITI
Nifty 500,GMRAIRPORT
Nifty 500,CHALET
Nifty 500,SONACOMS
Nifty 500,OFSS
Nifty 500,TATATECH
Nifty 500,SIEMENS
Nifty 500,WELCORP
Nifty 500,JSWHL
Nifty 500,SUNDARMFIN
Nifty 500,RADICO
Nifty 500,DCMSHRIRAM
Nifty 500,SUNTV
Nifty 500,CGPOWER
Nifty 500,PNBHOUSING
Nifty 500,UPL
Nifty 500,INDUSINDBK
Nifty 500,ONGC
Nifty 500,MOTHERSON
Nifty 500,JKCEMENT
Nifty 500,JSL
Nifty 500,GAIL
Nifty 500,MUTHOOTFIN
Nifty 500,UTIAMC
Nifty 500,ADANIPOWER
Nifty 500,ARE&M
Nifty 500,TITAGARH
Nifty 500,CROMPTON
Nifty 500,ADANIENT
Nifty 500,SBILIFE
Nifty 500,JKTYRE
Nifty 500,M&MFIN
Nifty 500,WHIRLPOOL
Nifty 500,FLUOROCHEM
Nifty 500,NHPC
Nifty 500,GRASIM
Nifty 500,TRITURBINE
Nifty 500,MAPMYINDIA
Nifty 500,KEC
Nifty 500,HEROMOTOCO
Nifty 500,AJANTPHARM
Nifty 500,ALKYLAMINE
Nifty 500,HDFCLIFE
Nifty 500,COALINDIA
Nifty 500,ABCAPITAL
Nifty 500,APARINDS
Nifty 500,ADANIENSOL
Nifty 500,RPOWER
Nifty 500,IRB
Nifty 500,IIFL
Nifty 500,MFSL
Nifty 500,DIXON
Nifty 500,ALKEM
Nifty 500,KIRLOSENG
Nifty 500,EXIDEIND
Nifty 500,LINDEINDIA
Nifty 500,ABSLAMC
Nifty 500,TEJASNET
Nifty 500,SONATSOFTW
Nifty 500,NH
Nifty 500,SUNPHARMA
Nifty 500,M&M
Nifty 500,KALYANKJIL
Nifty 500,ITC
Nifty 500,KPIL
Nifty 500,NAM-INDIA
Nifty 500,HONAUT
Nifty 500,PTCIL
Nifty 500,INDIANB
Nifty 500,SHYAMMETL
Nifty 500,VOLTAS
Nifty 500,AARTIIND
Nifty 500,PATANJALI
Nifty 500,AMBUJACEM
Nifty 500,IPCALAB
Nifty 500,CENTURYPLY
Nifty 500,PNCINFRA
Nifty 500,SJVN
Nifty 500,PERSISTENT
Nifty 500,DATAPATTNS
Nifty 500,CAPLIPOINT
Nifty 500,LTF
Nifty 500,TIMKEN
Nifty 500,UNITDSPR
Nifty 500,BAYERCROP
Nifty 500,PNB
Nifty 500,SUNDRMFAST
Nifty 500,TANLA
Nifty 500,TTML
Nifty 500,SYRMA
Nifty 500,CGCL
Nifty 500,APOLLOHOSP
Nifty 500,KAYNES
Nifty 500,EIDPARRY
Nifty 500,UNOMINDA
Nifty 500,MRF
Nifty 500,HAL
Nifty 500,IKS
Nifty 500,SAGILITY
Nifty 500,INDIGO
Nifty 500,COFORGE
Nifty 500,TATASTEEL
Nifty 500,ICICIGI
Nifty 500,KAJARIACER
Nifty 500,LICHSGFIN
Nifty 500,BANKINDIA
Nifty 500,CANFINHOME
Nifty 500,CHENNPETRO
Nifty 500,BRITANNIA
Nifty 500,PREMIERENE
Nifty 500,IEX
Nifty 500,CRISIL
Nifty 500,ZFCVINDIA
Nifty 500,MARICO
Nifty 500,KARURVYSYA
Nifty 500,HINDCOPPER
Nifty 500,HUDCO
Nifty 500,CRAFTSMAN
Nifty 500,ATGL
Nifty 500,ELGIEQUIP
Nifty 500,RAINBOW
Nifty 500,GESHIP
Nifty 500,BAJAJ-AUTO
Nifty 500,RITES
Nifty 500,GPPL
Nifty 500,MAHABANK
Nifty 500,SHRIRAMFIN
Nifty 500,NLCINDIA
Nifty 500,MOTILALOFS
Nifty 500,KFINTECH
Nifty 500,JUBLFOOD
Nifty 500,INOXWIND
Nifty 500,ULTRACEMCO
Nifty 500,RVNL
Nifty 500,JSWSTEEL
Nifty 500,ALOKINDS
Nifty 500,PIIND
Nifty 500,NBCC
Nifty 500,GODREJIND
Nifty 500,CONCOR
Nifty 500,TATACOMM
Nifty 500,ADANIPORTS
Nifty 500,COLPAL
Nifty 500,ICICIBANK
Nifty 500,MANAPPURAM
Nifty 500,DEVYANI
Nifty 500,KIMS
Nifty 500,TIINDIA
Nifty 500,NMDC
Nifty 500,SBIN
Nifty 500,ANGELONE
Nifty 500,VIJAYA
Nifty 500,JUBLINGREA
Nifty 500,NATIONALUM
Nifty 500,3MINDIA
Nifty 500,SUMICHEM
Nifty 500,HDFCBANK
Nifty 500,INDGN
Nifty 500,SUPREMEIND
Nifty 500,BHARTIARTL
Nifty 500,SAPPHIRE
Nifty 500,MSUMI
Nifty 500,POONAWALLA
Nifty 500,UCOBANK
Nifty 500,CIPLA
Nifty 500,INDUSTOWER
Nifty 500,IRCON
Nifty 500,BSOFT
Nifty 500,JSWINFRA
Nifty 500,HAVELLS
Nifty 500,RAYMONDLSL
Nifty 500,KPITTECH
Nifty 500,AXISBANK
Nifty 500,NIACL
Nifty 500,SAIL
Nifty 500,HINDUNILVR
Nifty 500,POWERGRID
Nifty 500,KANSAINER
Nifty 500,MMTC
Nifty 500,INOXINDIA
Nifty 500,AEGISLOG
Nifty 500,BPCL
Nifty 500,HOMEFIRST
Nifty 500,SIGNATURE
Nifty 500,NTPC
Nifty 500,UBL
Nifty 500,JINDALSAW
Nifty 500,BALKRISIND
Nifty 500,POLYMED
Nifty 500,VGUARD
Nifty 500,INDIACEM
Nifty 500,ACC
Nifty 500,FINPIPE
Nifty 500,BANDHANBNK
Nifty 500,CHOLAFIN
Nifty 500,EMAMILTD
Nifty 500,BATAINDIA
Nifty 500,METROPOLIS
Nifty 500,AIAENG
Nifty 500,RAILTEL
Nifty 500,RBLBANK
Nifty 500,JYOTHYLAB
Nifty 500,MRPL
Nifty 500,MPHASIS
Nifty 500,TORNTPOWER
Nifty 500,DRREDDY
Nifty 500,ABFRL
Nifty 500,SHREECEM
Nifty 500,SKFINDIA
Nifty 500,ABBOTINDIA
Nifty 500,IOC
Nifty 500,POWERINDIA
Nifty 500,RCF
Nifty 500,SRF
Nifty 500,TRIVENI
Nifty 500,NESTLEIND
Nifty 500,IRCTC
Nifty 500,EIHOTEL
Nifty 500,CENTRALBK
Nifty 500,TATACONSUM
Nifty 500,RHIM
Nifty 500,MARUTI
Nifty 500,HDFCAMC
Nifty 500,BHARATFORG
Nifty 500,360ONE
Nifty 500,BEL
Nifty 500,GRAVITA
Nifty 500,JWL
Nifty 500,IGL
Nifty 500,BHEL
Nifty 500,ROUTE
Nifty 500,GILLETTE
Nifty 500,BBTC
Nifty 500,HAPPSTMNDS
Nifty 500,APLAPOLLO
Nifty 500,RECLTD
Nifty 500,JINDALSTEL
Nifty 500,LTFOODS
Nifty 500,ENGINERSIN
Nifty 500,THERMAX
Nifty 500,AIIL
Nifty 500,RAMCOCEM
Nifty 500,AFCONS
Nifty 500,STARHEALTH
Nifty 500,ASTRAZEN
Nifty 500,IREDA
Nifty 500,CUMMINSIND
Nifty 500,SWANENERGY
Nifty 500,LICI
Nifty 500,GNFC
Nifty 500,HINDALCO
Nifty 500,MASTEK
Nifty 500,BAJAJFINSV
Nifty 500,CDSL
Nifty 500,JBMA
Nifty 500,MGL
Nifty 500,FINCABLES
Nifty 500,GMDCLTD
Nifty 500,CERA
Nifty 500,AWL
Nifty 500,LLOYDSME
Nifty 500,MANYAVAR
Nifty 500,IOB
Nifty 500,SUZLON
Nifty 500,KOTAKBANK
Nifty 500,RELIANCE
Nifty 500,BAJAJHFL
Nifty 500,RENUKA
Nifty 500,DEEPAKFERT
Nifty 500,DALBHARAT
Nifty 500,APTUS
Nifty 500,PRAJIND
Nifty 500,INDHOTEL
Nifty 500,LEMONTREE
Nifty 500,DIVISLAB
Nifty 500,PVRINOX
Nifty 500,GODREJAGRO
Nifty 500,IRFC
Nifty 500,DABUR
Nifty 500,GUJGASLTD
Nifty 500,BALRAMCHIN
Nifty 500,TRENT
Nifty 500,LTIM
Nifty 500,BASF
Nifty 500,LATENTVIEW
Nifty 500,JUSTDIAL
Nifty 500,TATAINVEST
Nifty 500,LALPATHLAB
Nifty 500,KPRMILL
Nifty 500,BIKAJI
Nifty 500,AAVAS
Nifty 500,DOMS
Nifty 500,AFFLE
Nifty 500,TATAMOTORS
Nifty 500,ESCORTS
Nifty 500,SBICARD
Nifty 500,APOLLOTYRE
Nifty 500,HCLTECH
Nifty 500,ZYDUSLIFE
Nifty 500,ASTERDM
Nifty 500,DEEPAKNTR
Nifty 500,DELHIVERY
Nifty 500,PIDILITIND
Nifty 500,OLECTRA
Nifty 500,VTL
Nifty 500,ZENSARTECH
Nifty 500,NEWGEN
Nifty 500,LT
Nifty 500,FACT
Nifty 500,CCL
Nifty 500,EICHERMOT
Nifty 500,AKUMS
Nifty 500,IDFCFIRSTB
Nifty 500,DMART
Nifty 500,BLS
Nifty 500,TCS
Nifty 500,CHOLAHLDNG
Nifty 500,PFC
Nifty 500,ACMESOLAR
Nifty 500,SOLARINDS
Nifty 500,ACE
Nifty 500,SCHNEIDER
Nifty 500,SAREGAMA
Nifty 500,HINDPETRO
Nifty 500,SBFC
Nifty 500,GSPL
Nifty 500,GODREJCP
Nifty 500,WELSPUNLIV
Nifty 500,LTTS
Nifty 500,FSL
Nifty 500,ASIANPAINT
Nifty 500,INFY
Nifty 500,BAJFINANCE
Nifty 500,WIPRO
Nifty 500,RAYMOND
Nifty 500,TECHM
Nifty 500,TRIDENT
Nifty 500,BHARTIHEXA
Nifty 500,NSLNISP
Nifty 500,HONASA
Nifty 500,OBEROIRLTY
Nifty 500,GLAXO
Nifty 500,BDL
Nifty 500,ZENTEC
Nifty 500,KIRLOSBROS
Nifty 500,NAVINFLUOR
Nifty 500,ASAHIINDIA
Nifty 500,HBLENGINE
Nifty 500,ABB
Nifty 500,PFIZER
Nifty 500,MAZDOCK
Nifty 500,NTPCGREEN
Nifty 500,AUBANK
Nifty 500,RKFORGE
Nifty 500,GVT&D
Nifty 500,PCBL
Nifty 500,SCI
Nifty 500,JIOFIN
Nifty 500,GPIL
Nifty 500,SAMMAANCAP
Nifty 500,SARDAEN
Nifty 500,COCHINSHIP
Nifty 500,BERGEPAINT
Nifty 500,RTNINDIA
Nifty 500,TECHNOE
Nifty 500,GRSE
,
Nifty 50,ETERNAL
Nifty 50,TITAN
Nifty 50,INDUSINDBK
Nifty 50,ONGC
Nifty 50,ADANIENT
Nifty 50,SBILIFE
Nifty 50,GRASIM
Nifty 50,HEROMOTOCO
Nifty 50,HDFCLIFE
Nifty 50,COALINDIA
Nifty 50,SUNPHARMA
Nifty 50,M&M
Nifty 50,ITC
Nifty 50,APOLLOHOSP
Nifty 50,TATASTEEL
Nifty 50,BAJAJ-AUTO
Nifty 50,SHRIRAMFIN
Nifty 50,ULTRACEMCO
Nifty 50,JSWSTEEL
Nifty 50,ADANIPORTS
Nifty 50,ICICIBANK
Nifty 50,SBIN
Nifty 50,HDFCBANK
Nifty 50,BHARTIARTL
Nifty 50,CIPLA
Nifty 50,AXISBANK
Nifty 50,HINDUNILVR
Nifty 50,POWERGRID
Nifty 50,NTPC
Nifty 50,DRREDDY
Nifty 50,NESTLEIND
Nifty 50,TATACONSUM
Nifty 50,MARUTI
Nifty 50,BEL
Nifty 50,HINDALCO
Nifty 50,BAJAJFINSV
Nifty 50,KOTAKBANK
Nifty 50,RELIANCE
Nifty 50,TRENT
Nifty 50,TATAMOTORS
Nifty 50,HCLTECH
Nifty 50,LT
Nifty 50,EICHERMOT
Nifty 50,TCS
Nifty 50,ASIANPAINT
Nifty 50,INFY
Nifty 50,BAJFINANCE
Nifty 50,WIPRO
Nifty 50,TECHM
Nifty 50,JIOFIN
,
ETFs_AdityaBirlaSunLife,SILVER
ETFs_Tata,TATSILV
ETFs_Kotak,SILVER1
ETFs,SILVER360
ETFs_HDFC,HDFCSILVER
ETFs_Axis,AXISILVER
ETFs_MiraeAsset,SILVRETF
ETFs_UTI,SILVERETF
ETFs_Nippon,SILVERBEES
ETFs_SBI,SBISILVER
ETFs_Zerodha,SILVERCASE
ETFs_ICICI,SILVERIETF
ETFs_DSP,SILVERADD
ETFs_Edelweiss,ESILVER
ETFs_Axis,AXISHCETF
ETFs_ICICI,GOLDIETF
ETFs_MotilalOswal,MOCAPITAL
ETFs_UTI,NIFMID150
ETFs_MotilalOswal,MOHEALTH
ETFs_AdityaBirlaSunLife,HEALTHY
ETFs,LICMFGOLD
ETFs,LICNMID100
ETFs_UTI,GOLDSHARE
ETFs,QGOLDHALF
ETFs_DSP,HEALTHADD
ETFs_MotilalOswal,MOREALTY
ETFs,GROWWGOLD
ETFs_ICICI,HEALTHIETF
ETFs_MotilalOswal,MOSMALL250
ETFs_MiraeAsset,GOLDETF
ETFs_HDFC,HDFCGOLD
ETFs_SBI,SETFGOLD
ETFs_HDFC,HDFCSML250
ETFs_AdityaBirlaSunLife,BSLGOLDETF
ETFs_Edelweiss,EGOLD
ETFs,UNIONGOLD
ETFs_MiraeAsset,SMALLCAP
ETFs_Nippon,GOLDBEES
ETFs_DSP,GOLDETFADD
ETFs,GOLD360
ETFs_Nippon,PSUBNKBEES
ETFs,IVZINGOLD
ETFs_MiraeAsset,SELECTIPO
ETFs_Kotak,GOLD1
ETFs_Axis,AXISGOLD
ETFs_Zerodha,GOLDCASE
ETFs_Edelweiss,ECAPINSURE
ETFs_MotilalOswal,MOM100
ETFs_Kotak,ALPHA
ETFs_Kotak,PSUBANK
ETFs_ICICI,PSUBNKIETF
ETFs_DSP,PSUBANKADD
ETFs_ICICI,EVIETF
ETFs_HDFC,HDFCPSUBK
ETFs_MiraeAsset,CONSUMER
ETFs_MiraeAsset,BANKPSU
ETFs_MiraeAsset,MIDCAPETF
ETFs_SBI,SBIBPB
ETFs_Nippon,MID150BEES
ETFs_MiraeAsset,EVINDIA
ETFs_Nippon,PHARMABEES
ETFs_UTI,NIF5GETF
ETFs_Kotak,MID150
ETFs,BBNPPGOLD
ETFs,GROWWEV
ETFs_UTI,UTISXN50
ETFs_ICICI,COMMOIETF
ETFs_Axis,AXISCETF
ETFs_Nippon,JUNIORBEES
ETFs_SBI,SBIETFCON
ETFs_HDFC,HDFCMID150
ETFs_ICICI,NEXT50IETF
ETFs_ICICI,MIDSELIETF
ETFs_MiraeAsset,MULTICAP
ETFs_ICICI,METALIETF
ETFs_MiraeAsset,MIDSMALL
ETFs_MiraeAsset,ALPHAETF
ETFs_MiraeAsset,EQUAL200
ETFs_ICICI,CONSUMIETF
ETFs,GROWWMOM50
ETFs_ICICI,GSEC10IETF
ETFs_Kotak,NIFTY100EW
ETFs_ICICI,GSEC5IETF
ETFs_ICICI,MIDCAPIETF
ETFs_ICICI,FMCGIETF
ETFs_MotilalOswal,MOMENTUM50
ETFs_Kotak,MSCIINDIA
ETFs_AdityaBirlaSunLife,MOMENTUM
ETFs,BANKNIFTY1
ETFs_DSP,NEXT30ADD
ETFs_Zerodha,MID150CASE
ETFs_MiraeAsset,NEXT50
ETFs_Nippon,AUTOBEES
ETFs_SBI,SBIETFPB
ETFs_AdityaBirlaSunLife,GSEC10ABSL
ETFs_AdityaBirlaSunLife,ABSLNN50ET
ETFs_HDFC,HDFCNEXT50
ETFs_Tata,TNIDETF
ETFs_UTI,UTINEXT50
ETFs_MotilalOswal,MOINFRA
ETFs,LICNETFGSC
ETFs_ICICI,PVTBANIETF
ETFs_SBI,SETFNN50
ETFs_ICICI,ALPL30IETF
ETFs_ICICI,VAL30IETF
ETFs_SBI,SBIETFQLTY
ETFs_Axis,AXISVALUE
ETFs_Kotak,CONS
ETFs_Nippon,BANKBEES
ETFs_MiraeAsset,ESG
ETFs_MotilalOswal,MOPSE
ETFs_MotilalOswal,MOMOMENTUM
ETFs_MiraeAsset,METAL
ETFs,EBBETF0431
ETFs_MotilalOswal,MONEXT50
ETFs_ICICI,MOM30IETF
ETFs,CPSEETF
ETFs_Tata,NPBET
ETFs_AdityaBirlaSunLife,ABGSEC
ETFs_Kotak,MNC
ETFs_SBI,SETFNIFBK
ETFs_UTI,NIF10GETF
ETFs_MotilalOswal,MONIFTY500
ETFs_Axis,AXISBNKETF
ETFs_Nippon,CONSUMBEES
ETFs,BANKBETF
ETFs,LIQUIDSHRI
ETFs_HDFC,HDFCLIQUID
ETFs,EBBETF0430
ETFs_DSP,LIQUIDADD
ETFs_Kotak,LIQUID1
ETFs_MiraeAsset,LIQUIDPLUS
ETFs,LIQUIDBETF
ETFs_ICICI,CASHIETF
ETFs,AONELIQUID
ETFs,GROWWLIQID
ETFs_AdityaBirlaSunLife,ABSLLIQUID
ETFs_MiraeAsset,LIQUID
ETFs_SBI,LIQUIDSBI
ETFs_Nippon,LIQUIDBEES
ETFs_DSP,LIQUIDETF
ETFs_ICICI,LIQUIDIETF
ETFs_MiraeAsset,BANKETF
ETFs_DSP,MIDQ50ADD
ETFs_Zerodha,LIQUIDCASE
ETFs_MotilalOswal,MOGSEC
ETFs_HDFC,HDFCMOMENT
ETFs_Nippon,LTGILTBEES
ETFs_DSP,PVTBANKADD
ETFs_ICICI,AUTOIETF
ETFs_ICICI,OILIETF
ETFs,AONETOTAL
ETFs,GROWWN200
ETFs_Zerodha,TOP100CASE
ETFs,BBETF0432
ETFs,EBBETF0433
ETFs_MiraeAsset,MAKEINDIA
ETFs_ICICI,FINIETF
ETFs_MotilalOswal,MON100
ETFs_SBI,SETF10GILT
ETFs,ICICIB22
ETFs_UTI,UTIBANKETF
ETFs_Nippon,INFRABEES
ETFs_ICICI,BSE500IETF
ETFs_Tata,NETF
ETFs_ICICI,LOWVOLIETF
ETFs_AdityaBirlaSunLife,NIFTYQLITY
ETFs_ICICI,QUAL30IETF
ETFs_ICICI,NIF100IETF
ETFs_Nippon,SDL26BEES
ETFs_ICICI,INFRAIETF
ETFs_ICICI,BANKIETF
ETFs_Nippon,GILT5YBEES
ETFs,NIFTYBEES
ETFs,LICNETFN50
ETFs_HDFC,HDFCNIFBAN
ETFs,NIFTYDIVOPPS50
ETFs_ICICI,SENSEXIETF
ETFs_Axis,AXISBPSETF
ETFs_MotilalOswal,MOQUALITY
ETFs,NV20
ETFs_MiraeAsset,BFSI
ETFs_MotilalOswal,MON50EQUAL
ETFs_MiraeAsset,EQUAL50
ETFs_Nippon,NIF100BEES
ETFs_Kotak,MIDCAP
ETFs_DSP,BANKETFADD
ETFs,NIFTYIETF
ETFs_AdityaBirlaSunLife,ABSLBANETF
ETFs_DSP,EQUAL50ADD
ETFs_SBI,SETFNIF50
ETFs_HDFC,HDFCGROWTH
ETFs_Edelweiss,EMULTIMQ
ETFs_AdityaBirlaSunLife,BSLNIFTY
ETFs_Kotak,LOWVOL1
ETFs_HDFC,HDFCNIFTY
ETFs_MotilalOswal,MOVALUE
ETFs,LICNETFSEN
ETFs_Axis,AXISNIFTY
ETFs_Axis,AXSENSEX
ETFs_MiraeAsset,LOWVOL
ETFs,QNIFTY
ETFs_HDFC,HDFCQUAL
ETFs_AdityaBirlaSunLife,ABSLPSE
ETFs_DSP,SENSEXADD
ETFs,BSLSENETFG
ETFs_MotilalOswal,MOLOWVOL
ETFs_MiraeAsset,GSEC10YEAR
ETFs,BBNPNBETF
ETFs_HDFC,HDFCPVTBAN
ETFs_UTI,UTISENSETF
ETFs_HDFC,HDFCSENSEX
ETFs_HDFC,HDFCNIF100
ETFs_HDFC,HDFCLOWVOL
ETFs_SBI,SBINEQWETF
ETFs_ICICI,NV20IETF
ETFs,NIFTYETF
ETFs_Nippon,SHARIABEES
ETFs_Edelweiss,EBANKNIFTY
ETFs_Nippon,HNGSNGBEES
ETFs_MotilalOswal,MOM50
ETFs,LICNFNHGP
ETFs_UTI,UTINIFTETF
ETFs,NIFTYBETF
ETFs_HDFC,HDFCBSE500
ETFs_Nippon,NV20BEES
ETFs_Nippon,DIVOPPBEES
ETFs,IDFNIFTYET
ETFs_MiraeAsset,SENSEXETF
ETFs,IVZINNIFTY
ETFs_HDFC,HDFCVALUE
ETFs,GROWWRAIL
ETFs,GROWWDEFNC
ETFs_DSP,TOP10ADD
ETFs_MiraeAsset,ITETF
ETFs_MotilalOswal,MODEFENCE
ETFs_UTI,NIFITETF
ETFs_HDFC,HDFCNIFIT
ETFs_Kotak,IT
ETFs_Nippon,ITBEES
ETFs_DSP,ITETFADD
ETFs_SBI,SBIETFIT
ETFs_Axis,AXISTECETF
ETFs_ICICI,ITIETF
ETFs_AdityaBirlaSunLife,TECH
ETFs_MiraeAsset,MAFANG
ETFs_MotilalOswal,MONQ50
ETFs_MiraeAsset,MAHKTECH
ETFs_MiraeAsset,MASPTOP50
